{
  "schema_version": 1,
  "seeds": [
    42,
    1234,
    7
  ],
  "rows": [
    {
      "id": "internvl3-2b-native",
      "backbone": "InternVL3-2B",
      "method": "Native",
      "seeds": {
        "42": {
          "bleu_4": 0.04447449463369667,
          "meteor": 0.1123592040372676,
          "rouge_l": 0.2470625962790142,
          "cider": 0.3504498407006406,
          "spice": 0.16885026220175703
        },
        "1234": {
          "bleu_4": 0.04239886185616269,
          "meteor": 0.10987016095602396,
          "rouge_l": 0.24422909219034855,
          "cider": 0.33334407314769726,
          "spice": 0.16550704366332164
        },
        "7": {
          "bleu_4": 0.04428653052891618,
          "meteor": 0.11209475908742232,
          "rouge_l": 0.2471888120385776,
          "cider": 0.3493048287521123,
          "spice": 0.1667765840263017
        }
      },
      "bleu_4_mean": 0.04371996233959185,
      "bleu_4_std": 0.0011479601437589379,
      "meteor_mean": 0.1114413746935713,
      "meteor_std": 0.0013671200531291158,
      "rouge_l_mean": 0.2461601668359801,
      "rouge_l_std": 0.0016735499902128228,
      "cider_mean": 0.3443662475334834,
      "cider_std": 0.009562636102747919,
      "spice_mean": 0.16704462996379346,
      "spice_std": 0.001687650442890616
    },
    {
      "id": "internvl3-2b-densecl",
      "backbone": "InternVL3-2B",
      "method": "CORA DenseCL 50%",
      "seeds": {
        "42": {
          "bleu_4": 0.045367224921638874,
          "meteor": 0.11401198179759714,
          "rouge_l": 0.2499159640473266,
          "cider": 0.3612902521124985,
          "spice": 0.17225565516273383
        },
        "1234": {
          "bleu_4": 0.044287208479273324,
          "meteor": 0.1128882762447211,
          "rouge_l": 0.24904404454110102,
          "cider": 0.3582955638721793,
          "spice": 0.17033207049293533
        },
        "7": {
          "bleu_4": 0.04399251177584818,
          "meteor": 0.11347641812018738,
          "rouge_l": 0.2480999311180772,
          "cider": 0.3608963517585752,
          "spice": 0.1721284169880305
        }
      },
      "bleu_4_mean": 0.04454898172558679,
      "bleu_4_std": 0.0007237768873531084,
      "meteor_mean": 0.11345889205416854,
      "meteor_std": 0.0005620577502656501,
      "rouge_l_mean": 0.2490199799021683,
      "rouge_l_std": 0.0009082555973759571,
      "cider_mean": 0.36016072258108434,
      "cider_std": 0.0016272375761573394,
      "spice_mean": 0.1715720475478999,
      "spice_std": 0.0010757344983332955
    },
    {
      "id": "internvl3-2b-vicreg",
      "backbone": "InternVL3-2B",
      "method": "CORA VICReg 50%",
      "seeds": {
        "42": {
          "bleu_4": 0.0454157098489299,
          "meteor": 0.11391631555324,
          "rouge_l": 0.24920539694808236,
          "cider": 0.3631389309291351,
          "spice": 0.17315257049847743
        },
        "1234": {
          "bleu_4": 0.04412739233347323,
          "meteor": 0.11308791325476272,
          "rouge_l": 0.24876167886037293,
          "cider": 0.35553321515127423,
          "spice": 0.1710245433192026
        },
        "7": {
          "bleu_4": 0.045496178798780894,
          "meteor": 0.11414950970931326,
          "rouge_l": 0.24935208042874552,
          "cider": 0.3642510746180168,
          "spice": 0.1724370619428807
        }
      },
      "bleu_4_mean": 0.04501309366039467,
      "bleu_4_std": 0.0007680943583670794,
      "meteor_mean": 0.11371791283910533,
      "meteor_std": 0.0005579153034382276,
      "rouge_l_mean": 0.24910638541240027,
      "rouge_l_std": 0.00030740196182327457,
      "cider_mean": 0.36097440689947535,
      "cider_std": 0.0047449069144398425,
      "spice_mean": 0.17220472525352024,
      "spice_std": 0.0010828712628241266
    },
    {
      "id": "qwen2.5-vl-3b-native",
      "backbone": "Qwen2.5-VL-3B",
      "method": "Native",
      "seeds": {
        "42": {
          "bleu_4": 0.04222961487535746,
          "meteor": 0.11193170899765996,
          "rouge_l": 0.24102118639258663,
          "cider": 0.3282926811703459,
          "spice": 0.15570693093314386
        },
        "1234": {
          "bleu_4": 0.041723863712769114,
          "meteor": 0.11133962906839584,
          "rouge_l": 0.24005031653228917,
          "cider": 0.32267002604258876,
          "spice": 0.15337648187556643
        },
        "7": {
          "bleu_4": 0.04259145531569619,
          "meteor": 0.11330855923808442,
          "rouge_l": 0.24170288356443015,
          "cider": 0.32600573106597835,
          "spice": 0.15504797036006604
        }
      },
      "bleu_4_mean": 0.042181644634607586,
      "bleu_4_std": 0.0004357805128336904,
      "meteor_mean": 0.11219329910138008,
      "meteor_std": 0.0010101948030210293,
      "rouge_l_mean": 0.2409247954964353,
      "rouge_l_std": 0.0008304895258673946,
      "cider_mean": 0.325656146092971,
      "cider_std": 0.0028275819902237598,
      "spice_mean": 0.15471046105625877,
      "spice_std": 0.0012013253514798672
    },
    {
      "id": "qwen2.5-vl-3b-densecl",
      "backbone": "Qwen2.5-VL-3B",
      "method": "CORA DenseCL 50%",
      "seeds": {
        "42": {
          "bleu_4": 0.043808061414463785,
          "meteor": 0.11368824024128683,
          "rouge_l": 0.2443566419644507,
          "cider": 0.33986997879891817,
          "spice": 0.1597494143030341
        },
        "1234": {
          "bleu_4": 0.04386302301862415,
          "meteor": 0.11390765925443373,
          "rouge_l": 0.24277963733580546,
          "cider": 0.33902249784158367,
          "spice": 0.160594201599481
        },
        "7": {
          "bleu_4": 0.04413262222001168,
          "meteor": 0.11408811298562253,
          "rouge_l": 0.24410956963683056,
          "cider": 0.3378675996800058,
          "spice": 0.1598236361723316
        }
      },
      "bleu_4_mean": 0.04393456888436654,
      "bleu_4_std": 0.00017370675664203495,
      "meteor_mean": 0.11389467082711437,
      "meteor_std": 0.0002002525339385592,
      "rouge_l_mean": 0.24374861631236225,
      "rouge_l_std": 0.0008482047963349871,
      "cider_mean": 0.3389200254401692,
      "cider_std": 0.001005114908233289,
      "spice_mean": 0.16005575069161557,
      "spice_std": 0.00046778655026233747
    },
    {
      "id": "qwen2.5-vl-3b-vicreg",
      "backbone": "Qwen2.5-VL-3B",
      "method": "CORA VICReg 50%",
      "seeds": {
        "42": {
          "bleu_4": 0.04282499082236872,
          "meteor": 0.11372218401942152,
          "rouge_l": 0.24404031849541163,
          "cider": 0.34275725783335054,
          "spice": 0.16229108692890698
        },
        "1234": {
          "bleu_4": 0.04279094818782168,
          "meteor": 0.11373634671353079,
          "rouge_l": 0.24273174669289604,
          "cider": 0.3397656267480863,
          "spice": 0.1603972859648246
        },
        "7": {
          "bleu_4": 0.04244279070050109,
          "meteor": 0.11507301628552241,
          "rouge_l": 0.24479681581400622,
          "cider": 0.3405283313146555,
          "spice": 0.1607824351608416
        }
      },
      "bleu_4_mean": 0.04268624323689716,
      "bleu_4_std": 0.0002115220516872583,
      "meteor_mean": 0.11417718233949158,
      "meteor_std": 0.000775847272098054,
      "rouge_l_mean": 0.24385629366743797,
      "rouge_l_std": 0.001044761442494767,
      "cider_mean": 0.34101707196536407,
      "cider_std": 0.001554546462902004,
      "spice_mean": 0.16115693601819106,
      "spice_std": 0.0010009039374517638
    },
    {
      "id": "gemma3-4b-native",
      "backbone": "Gemma3-4B",
      "method": "Native",
      "seeds": {
        "42": {
          "bleu_4": 0.042177850602300025,
          "meteor": 0.10878236922883401,
          "rouge_l": 0.24542396309402248,
          "cider": 0.33900048439446534,
          "spice": 0.1659529383351744
        },
        "1234": {
          "bleu_4": 0.042200111285582646,